claim,source_url,source_type,date_checked,confidence,notes
Job automation bots already promise end-to-end discovery plus application submission.,https://jobcopilot.com/,official product page,2026-05-03,Medium,Used to confirm the current auto-apply positioning of job-agent competitors.
Sonara describes itself as using AI to search for job postings and apply on the user’s behalf.,https://www.sonara.ai/terms-conditions,official terms,2026-05-03,High,Evidence that the jobs market already has explicit automation competitors.
"ApplyFastAI positions around job-board coverage, AI screening, and auto-apply flows.",https://applyfastai.com/,official product page,2026-05-03,Medium,Supports the finding that the jobs wedge is crowded and feature-legible.
Huntr publishes a free tier and Pro pricing with job tracking and resume tooling.,https://huntr.co/pricing,official pricing,2026-05-03,High,Useful benchmark for consumer job-workflow pricing.
Jobscan’s current positioning extends beyond ATS scanning into tracking and LinkedIn optimization.,https://www.jobscan.co/,official product page,2026-05-03,High,Supports the “workflow optimizer” archetype.
Fastweb says it is free and that its scholarship database is researched and vetted by a human team.,https://www.fastweb.com/,official product page,2026-05-03,High,"Evidence that scholarship discovery platforms compete on trust, not just volume."
"ProFellow covers fellowships, graduate programs, awards, and accelerators, not just one opportunity type.",https://www.profellow.com/,official product page,2026-05-03,High,One of the closest discovery competitors to op2u’s cross-category ambition.
"EURAXESS combines jobs, funding, and hosting offers and exposes national, regional, and EU-level funding paths.",https://euraxess.ec.europa.eu/jobs,official product page,2026-05-03,High,Important proof that official networks can already bundle several opportunity layers inside one trusted niche.
Instrumentl publishes grant-search and workflow pricing from $299/month upward.,https://www.instrumentl.com/pricing,official pricing,2026-05-03,High,Useful benchmark for how much workflow depth is worth in the grant market.
GrantForward positions around advanced search and personalized recommendations.,https://www.grantforward.com/index?lang=en,official product page,2026-05-03,High,Supports the conclusion that the research-funding niche already values structured databases.
Pivot-RP is described by MIT as a searchable global funding database with sponsor and researcher discovery.,https://research.mit.edu/research-development/pivot-comprehensive-funding-search-tool,institutional description,2026-05-03,High,Cross-check on the research-funding incumbent set.
"OpenGrants positions as a database for public funding opportunities across federal, state, and local sources.",https://opengrants.io/,official product page,2026-05-03,High,Shows AI/data-native movement in grant discovery.
Submittable Discover is explicitly an opportunity-discovery layer tied to a submission system.,https://discover.submittable.com/,official product page,2026-05-03,High,Important example of discovery plus downstream workflow in a single product family.
"Impactpool aggregates vacancies across UN agencies, NGOs, INGOs, EU institutions, foundations, and development banks.",https://support.impactpool.org/help/what-kind-of-services-do-impactpool-offer-to-someone-looking-for-a-job,official support article,2026-05-03,High,A vertical career platform that looks strong in the impact wedge.
Devex sells a career account around access to top development employers and exclusive jobs.,https://pages.devex.com/career-account,official landing page,2026-05-03,High,Confirms monetized impact-sector career discovery.
"TransArtists claims more than 1,700 residencies and positions itself as the largest residency database.",https://www.transartists.org/en/residencies,official product page,2026-05-03,High,Evidence that some niches already have deep supply-side coverage.
Sessionize publishes a free community tier and a $499 professional event plan.,https://sessionize.com/pricing,official pricing,2026-05-03,High,Benchmarks workflow value on the organizer side of CFPs.
"Devpost serves public, internal, customer, and student hackathons.",https://info.devpost.com/,official product page,2026-05-03,High,Shows hackathon infrastructure already has a strong incumbent.
"F6S claims to connect millions of founders and startups to funding, jobs, programs, and perks.",https://www.f6s.com/en,official product page,2026-05-03,Medium,"Company-reported scale, used directionally rather than as an audited metric."
Wellfound currently markets a large startup-job inventory and startup-focused talent pool.,https://wellfound.com/jobs,official product page,2026-05-03,High,Relevant if op2u drifts back toward generic startup jobs.
"Y Combinator still takes direct online applications, reminding us that some high-value opportunities are direct brands, not marketplace nodes.",https://www.ycombinator.com/apply,official application page,2026-05-03,High,Important for why op2u should route users to official endpoints rather than replicate them.
Users report that ATS-match tools can feel low-signal or misleading when scores stay low despite strong fit.,https://www.reddit.com/r/resumes/comments/1ksavb3/spent_hours_tweaking_my_res_to_match_a_job_description_jobscan_still_rates_me_at_max_40_match_wtaf/,user forum,2026-05-03,Medium,Not proof of product failure; evidence of perceived false precision risk.
Users question whether premium job-workflow subscriptions deliver enough incremental value over free versions.,https://www.reddit.com/r/jobsearch/comments/16mynl1/is_anyone_finding_teal_plus_to_be_a_helpful_tool/,user forum,2026-05-03,Medium,Used to stress willingness-to-pay risk in B2C career tooling.
Scholarship communities routinely advise checking official sponsor pages because aggregator trust is uneven.,https://www.reddit.com/r/scholarships/comments/1ixi2cg/where_can_i_found_unclaimed_scholarship_in_the_internet_pease_give_me_any_tips_or_hacks_thank_you/,user forum,2026-05-03,Medium,Supports the recommendation to preserve an official-source-first model.
